[
  {
    "model": "project.Team",
    "pk": 1,
    "fields": {
      "name": "Stanford",
      "nickname": "Cardinal"
    }
  },
  {
    "model": "project.Team",
    "pk": 2,
    "fields": {
      "name": "Clemson",
      "nickname": "Tigers"
    }
  },
  {
    "model": "project.Game",
    "pk": 1,
    "fields": {
      "team": 1,
      "date_time": "2016-01-01 15:00",
      "opponent": "Iowa Hawk-Eyes",
      "venue": "N"
    }
  },
  {
    "model": "project.Game",
    "pk": 2,
    "fields": {
      "team": 1,
      "date_time": "2016-09-14 14:30",
      "opponent": "Alabama Crimson Tide",
      "venue": "H"
    }
  },
  {
    "model": "project.Game",
    "pk": 3,
    "fields": {
      "team": 1,
      "date_time": "2016-09-14 14:30",
      "opponent": "Boise State Broncos",
      "venue": "A"
    }
  },
  {
    "model": "project.Play",
    "pk": 1,
    "fields": {
      "game": 1,
      "down": "1",
      "distance": "10",
      "field_half": "OWN",
      "yard_line": "25",
      "quarter": "1",
      "time": "14:49",
      "gain": "75",
      "complete": "True",
      "outcome": "TD",
      "passer": 1,
      "receiver": 2,
      "vid_url": "//streamable.com/e/adujw/ywtpfp",
      "vid_url_alt": "//streamable.com/e/iao5y/ukeeiu",
      "vid_url_alt2": "//streamable.com/e/6gbfo/mztnnz",
      "accurate": "True",
      "air_yards": 15,
      "note": "Bad footwork: QB should keep plant leg on the ground when throwing",
      "route": "Seam",
      "play": " ",
      "speed": "16.74"
    }
  },
  {
    "model": "project.Play",
    "pk": 2,
    "fields": {
      "game": 1,
      "down": "2",
      "distance": "9",
      "field_half": "OPP",
      "yard_line": "27",
      "quarter": "1",
      "time": "10:29",
      "gain": "0",
      "complete": "False",
      "outcome": "PA",
      "passer": 1,
      "receiver": 3,
      "vid_url": "//streamable.com/e/smmoc/hslva"
    }
  },
  {
    "model": "project.Play",
    "pk": 3,
    "fields": {
      "game": 1,
      "down": "3",
      "distance": "9",
      "field_half": "OPP",
      "yard_line": "27",
      "quarter": "1",
      "time": "10:23",
      "gain": "12",
      "complete": "True",
      "outcome": "PA",
      "passer": 1,
      "receiver": 2,
      "vid_url": "//streamable.com/e/l9i1n/mlnjec",
      "vid_url_alt": "//streamable.com/e/5dfxn/kfthl"
    }
  },
  {
    "model": "project.Play",
    "pk": 4,
    "fields": {
      "game": 1,
      "down": "1",
      "distance": "10",
      "field_half": "OWN",
      "yard_line": "43",
      "quarter": "1",
      "time": "1:42",
      "gain": "2",
      "complete": "True",
      "outcome": "PA",
      "passer": 1,
      "receiver": 4,
      "vid_url": "//streamable.com/e/ero4i/mlhkhe"
    }
  },
  {
    "model": "project.Play",
    "pk": 5,
    "fields": {
      "game": 1,
      "down": "3",
      "distance": "9",
      "field_half": "OWN",
      "yard_line": "44",
      "quarter": "1",
      "time": "0:34",
      "gain": "0",
      "complete": "False",
      "outcome": "PA",
      "passer": 1,
      "receiver": 5,
      "vid_url": "//streamable.com/e/32cpt/vzmgll"
    }
  },
  {
    "model": "project.Play",
    "pk": 6,
    "fields": {
      "game": 1,
      "down": "2",
      "distance": "6",
      "field_half": "OWN",
      "yard_line": "19",
      "quarter": "2",
      "time": "11:10",
      "gain": "8",
      "complete": "True",
      "outcome": "PA",
      "passer": 1,
      "receiver": 5,
      "vid_url": "//streamable.com/e/vgumr/ijltdb"
    }
  },
  {
    "model": "project.Play",
    "pk": 7,
    "fields": {
      "game": 1,
      "down": "1",
      "distance": "10",
      "field_half": "OPP",
      "yard_line": "42",
      "quarter": "2",
      "time": "10:28",
      "gain": "0",
      "complete": "False",
      "outcome": "PA",
      "passer": 1,
      "receiver": 5,
      "vid_url": "//streamable.com/e/1yexf/rzzjdk"
    }
  },
  {
    "model": "project.Play",
    "pk": 8,
    "fields": {
      "game": 1,
      "down": "1",
      "distance": "10",
      "field_half": "OPP",
      "yard_line": "31",
      "quarter": "2",
      "time": "8:22",
      "gain": "31",
      "complete": "True",
      "outcome": "TD",
      "passer": 1,
      "receiver": 7,
      "vid_url": "//streamable.com/e/2mzcj/plvjbc",
      "vid_url_alt": "//streamable.com/e/q3ozo/cosrow"
    }
  },
  {
    "model": "project.Play",
    "pk": 9,
    "fields": {
      "game": 1,
      "down": "2",
      "distance": "6",
      "field_half": "OWN",
      "yard_line": "41",
      "quarter": "2",
      "time": "1:31",
      "gain": "11",
      "complete": "True",
      "outcome": "PA",
      "passer": 1,
      "receiver": 2,
      "vid_url": "//streamable.com/e/ytvfn/gszbsg"
    }
  },
  {
    "model": "project.Play",
    "pk": 10,
    "fields": {
      "game": 1,
      "down": "2",
      "distance": "5",
      "field_half": "OPP",
      "yard_line": "43",
      "quarter": "2",
      "time": "0:41",
      "gain": "0",
      "complete": "False",
      "outcome": "PA",
      "passer": 1,
      "receiver": 7,
      "vid_url": "//streamable.com/e/yfk4m/nhvxsp"
    }
  },
  {
    "model": "project.Play",
    "pk": 11,
    "fields": {
      "game": 1,
      "down": "3",
      "distance": "5",
      "field_half": "OPP",
      "yard_line": "43",
      "quarter": "2",
      "time": "0:34",
      "gain": "0",
      "complete": "False",
      "outcome": "PA",
      "passer": 1,
      "receiver": 7,
      "vid_url": "//streamable.com/e/3y23g/psonoi"
    }
  },
  {
    "model": "project.Play",
    "pk": 12,
    "fields": {
      "game": 1,
      "down": "2",
      "distance": "4",
      "field_half": "OWN",
      "yard_line": "41",
      "quarter": "3",
      "time": "12:48",
      "gain": "11",
      "complete": "True",
      "outcome": "PA",
      "passer": 1,
      "receiver": 8,
      "vid_url": "https://gfycat.com/ifr/SevereZealousEyas"
    }
  },
  {
    "model": "project.Play",
    "pk": 13,
    "fields": {
      "game": 1,
      "down": "1",
      "distance": "10",
      "field_half": "OPP",
      "yard_line": "18",
      "quarter": "3",
      "time": "11:52",
      "gain": "0",
      "complete": "False",
      "outcome": "PA",
      "passer": 1,
      "receiver": 5,
      "vid_url": "https://gfycat.com/ifr/SevereZealousEyas"
    }
  },
  {
    "model": "project.Play",
    "pk": 14,
    "fields": {
      "game": 1,
      "down": "3",
      "distance": "6",
      "field_half": "OPP",
      "yard_line": "14",
      "quarter": "3",
      "time": "11:13",
      "gain": "0",
      "complete": "False",
      "outcome": "PA",
      "passer": 1,
      "receiver": 9,
      "vid_url": "https://gfycat.com/ifr/SevereZealousEyas"
    }
  },
  {
    "model": "project.Play",
    "pk": 15,
    "fields": {
      "game": 1,
      "down": "2",
      "distance": "9",
      "field_half": "OWN",
      "yard_line": "36",
      "quarter": "3",
      "time": "8:43",
      "gain": "6",
      "complete": "True",
      "outcome": "PA",
      "passer": 1,
      "receiver": 8,
      "vid_url": "https://gfycat.com/ifr/SevereZealousEyas"
    }
  },
  {
    "model": "project.Play",
    "pk": 16,
    "fields": {
      "game": 1,
      "down": "2",
      "distance": "22",
      "field_half": "OWN",
      "yard_line": "40",
      "quarter": "3",
      "time": "0:15",
      "gain": "0",
      "complete": "False",
      "outcome": "PA",
      "passer": 1,
      "receiver": 7,
      "vid_url": "https://gfycat.com/ifr/SevereZealousEyas"
    }
  },
  {
    "model": "project.Play",
    "pk": 17,
    "fields": {
      "game": 1,
      "down": "3",
      "distance": "22",
      "field_half": "OWN",
      "yard_line": "40",
      "quarter": "3",
      "time": "0:01",
      "gain": "-3",
      "complete": "False",
      "outcome": "SK",
      "passer": 1,
      "receiver": 7,
      "vid_url": "https://gfycat.com/ifr/SevereZealousEyas"
    }
  },
  {
    "model": "project.Play",
    "pk": 18,
    "fields": {
      "game": 1,
      "down": "1",
      "distance": "10",
      "field_half": "OWN",
      "yard_line": "30",
      "quarter": "4",
      "time": "12:56",
      "gain": "6",
      "complete": "True",
      "outcome": "PA",
      "passer": 1,
      "receiver": 8,
      "vid_url": "https://gfycat.com/ifr/SevereZealousEyas"
    }
  },
  {
    "model": "project.Play",
    "pk": 18,
    "fields": {
      "game": 1,
      "down": "3",
      "distance": "8",
      "field_half": "OPP",
      "yard_line": "37",
      "quarter": "4",
      "time": "10:22",
      "gain": "12",
      "complete": "True",
      "outcome": "PA",
      "passer": 1,
      "receiver": 3,
      "vid_url": "https://gfycat.com/ifr/SevereZealousEyas"
    }
  },
  {
    "model": "project.Play",
    "pk": 18,
    "fields": {
      "game": 1,
      "down": "3",
      "distance": "9",
      "field_half": "OPP",
      "yard_line": "9",
      "quarter": "4",
      "time": "5:44",
      "gain": "0",
      "complete": "False",
      "outcome": "INT",
      "passer": 1,
      "receiver": 3,
      "vid_url": "https://gfycat.com/ifr/SevereZealousEyas"
    }
  },
  {
    "model": "project.Play",
    "pk": 19,
    "fields": {
      "game": 1,
      "down": "1",
      "distance": "10",
      "field_half": "OPP",
      "yard_line": "49",
      "quarter": "4",
      "time": "2:33",
      "gain": "7",
      "complete": "True",
      "outcome": "PA",
      "passer": 1,
      "receiver": 2,
      "vid_url": "https://gfycat.com/ifr/SevereZealousEyas"
    }
  },
  {
    "model": "project.Play",
    "pk": 20,
    "fields": {
      "game": 1,
      "down": "2",
      "distance": "3",
      "field_half": "OPP",
      "yard_line": "42",
      "quarter": "4",
      "time": "1:54",
      "gain": "42",
      "complete": "True",
      "outcome": "TD",
      "passer": 1,
      "receiver": 7,
      "vid_url": "https://gfycat.com/ifr/SevereZealousEyas"
    }
  },
    {
    "model": "project.Play",
    "pk": 21,
    "fields": {
      "game": 1,
      "down": "1",
      "distance": "10",
      "field_half": "OWN",
      "yard_line": "30",
      "quarter": "4",
      "time": "12:56",
      "gain": "6",
      "complete": "True",
      "outcome": "PA",
      "passer": 1,
      "receiver": 8,
      "vid_url": "https://gfycat.com/ifr/SevereZealousEyas"
    }
  },
      {
    "model": "project.Play",
    "pk": 22,
    "fields": {
      "game": 1,
      "down": "3",
      "distance": "8",
      "field_half": "OPP",
      "yard_line": "37",
      "quarter": "4",
      "time": "10:22",
      "gain": "12",
      "complete": "True",
      "outcome": "PA",
      "passer": 1,
      "receiver": 3,
      "vid_url": "https://gfycat.com/ifr/SevereZealousEyas"
    }
  },
  {
    "model": "project.Play",
    "pk": 23,
    "fields": {
      "game": 2,
      "down": "3",
      "distance": "8",
      "field_half": "OPP",
      "yard_line": "37",
      "quarter": "4",
      "time": "10:22",
      "gain": "12",
      "complete": "True",
      "outcome": "PA",
      "passer": 1,
      "receiver": 3,
      "vid_url": "https://gfycat.com/ifr/SevereZealousEyas"
    }
  },
  {
    "model": "project.Play",
    "pk": 24,
    "fields": {
      "game": 3,
      "down": "1",
      "distance": "10",
      "field_half": "OPP",
      "yard_line": "41",
      "quarter": "2",
      "time": "10:22",
      "gain": "12",
      "complete": "True",
      "outcome": "TD",
      "passer": 1,
      "receiver": 7,
      "vid_url": "https://gfycat.com/ifr/SevereZealousEyas"
    }
  },
  {
    "model": "project.Player",
    "pk": 1,
    "fields": {
      "first_name": "Kevin",
      "second_name": "Hogan",
      "jersey_no": "8",
      "imageUrl": "https://www.daddyleagues.com/img/nfl/madden17/8054.png",
      "team": 1
    }
  },
  {
    "model": "project.Player",
    "pk": 2,
    "fields": {
      "first_name": "Christian",
      "second_name": "McCaffrey",
      "jersey_no": "5",
      "imageUrl": "noimg",
      "team": 1
    }
  },
  {
    "model": "project.Player",
    "pk": 3,
    "fields": {
      "first_name": "Trenton",
      "second_name": "Irwin",
      "jersey_no": "80",
      "imageUrl": "noimg",
      "team": 1
    }
  },
  {
    "model": "project.Player",
    "pk": 4,
    "fields": {
      "first_name": "Bryce",
      "second_name": "Love",
      "jersey_no": "12",
      "imageUrl": "noimg",
      "team": 1
    }
  },
  {
    "model": "project.Player",
    "pk": 5,
    "fields": {
      "first_name": "Devon",
      "second_name": "Cajuste",
      "jersey_no": "45",
      "imageUrl": "noimg",
      "team": 1
    }
  },
  {
    "model": "project.Player",
    "pk": 6,
    "fields": {
      "first_name": "Barry",
      "second_name": "Sanders",
      "jersey_no": "21",
      "imageUrl": "noimg",
      "team": 1
    }
  },
  {
    "model": "project.Player",
    "pk": 7,
    "fields": {
      "first_name": "Michael",
      "second_name": "Rector",
      "jersey_no": "4",
      "imageUrl": "noimg",
      "team": 1
    }
  },
  {
    "model": "project.Player",
    "pk": 8,
    "fields": {
      "first_name": "Isaiah",
      "second_name": "Brandt-Sims",
      "jersey_no": "89",
      "imageUrl": "noimg",
      "team": 1
    }
  },
  {
    "model": "project.Player",
    "pk": 8,
    "fields": {
      "first_name": "Austin",
      "second_name": "Hooper",
      "jersey_no": "14",
      "imageUrl": "noimg",
      "team": 1
    }
  },
  {
    "model": "project.Player",
    "pk": 9,
    "fields": {
      "first_name": "Francis",
      "second_name": "Owusu",
      "jersey_no": "33",
      "imageUrl": "noimg",
      "team": 1
    }
  }
]