[
  {
    "model": "project.Team",
    "pk": 1,
    "fields": {
      "name": "Stanford",
      "nickname": "Cardinal"
    }
  },
  {
    "model": "project.Team",
    "pk": 2,
    "fields": {
      "name": "Clemson",
      "nickname": "Tigers"
    }
  },
  {
    "model": "project.Game",
    "pk": 1,
    "fields": {
      "team": 1,
      "date_time": "2016-01-01 15:00",
      "opponent": "Iowa Hawk-Eyes",
      "venue": "N",
      "result": "W",
      "points_for": 45,
      "points_against": 16
    }
  },
  {
    "model": "project.Game",
    "pk": 2,
    "fields": {
      "team": 1,
      "date_time": "2015-09-25 19:00",
      "opponent": "Oregon State Beavers",
      "venue": "A",
      "result": "W",
      "points_for": 42,
      "points_against": 24
    }
  },
  {
    "model": "project.Game",
    "pk": 3,
    "fields": {
      "team": 1,
      "date_time": "2015-09-05 12:00",
      "opponent": "Northwestern Wildcats",
      "venue": "A",
      "result": "L",
      "points_for": 6,
      "points_against": 16
    }
  },
  {
    "model": "project.Play",
    "pk": 1,
    "fields": {
      "game": 1,
      "down": "1",
      "distance": "10",
      "field_half": "OWN",
      "yard_line": "25",
      "quarter": "1",
      "time": "14:49",
      "gain": 75,
      "complete": "True",
      "outcome": "TD",
      "passer": 1,
      "receiver": 2,
      "vid_url": "//streamable.com/e/adujw/ywtpfp",
      "vid_url_alt": "//streamable.com/e/iao5y/ukeeiu",
      "vid_url_alt2": "//streamable.com/e/6gbfo/mztnnz",
      "accurate": "True",
      "air_yards": 15,
      "note": "Bad footwork: QB should keep plant leg on the ground when throwing",
      "route": "Seam",
      "play": " ",
      "speed": "16.74",
      "position": "RB"
    }
  },
  {
    "model": "project.Play",
    "pk": 2,
    "fields": {
      "game": 1,
      "down": "2",
      "distance": "9",
      "field_half": "OPP",
      "yard_line": "27",
      "quarter": "1",
      "time": "10:29",
      "gain": "0",
      "complete": "False",
      "outcome": "PA",
      "passer": 1,
      "receiver": 3,
      "vid_url": "//streamable.com/e/smmoc/hslva",
      "accurate": "False",
      "air_yards": 0,
      "note": " ",
      "route": "Corner",
      "play": " ",
      "speed": "12.46",
      "position": "ST"
    }
  },
  {
    "model": "project.Play",
    "pk": 3,
    "fields": {
      "game": 1,
      "down": "3",
      "distance": "9",
      "field_half": "OPP",
      "yard_line": "27",
      "quarter": "1",
      "time": "10:23",
      "gain": "12",
      "complete": "True",
      "outcome": "PA",
      "passer": 1,
      "receiver": 2,
      "vid_url": "//streamable.com/e/l9i1n/mlnjec",
      "vid_url_alt": "//streamable.com/e/5dfxn/kfthl",
      "accurate": "True",
      "air_yards": 0,
      "note": " ",
      "route": "Screen",
      "play": " ",
      "speed": "8.92",
      "position": "WR"
    }
  },
  {
    "model": "project.Play",
    "pk": 4,
    "fields": {
      "game": 1,
      "down": "1",
      "distance": "10",
      "field_half": "OWN",
      "yard_line": "43",
      "quarter": "1",
      "time": "1:42",
      "gain": "2",
      "complete": "True",
      "outcome": "PA",
      "passer": 1,
      "receiver": 4,
      "vid_url": "//streamable.com/e/ero4i/mlhkhe",
      "accurate": "True",
      "air_yards": -1,
      "note": " ",
      "route": "Screen",
      "play": " ",
      "speed": "2.54",
      "position": "ST"
    }
  },
  {
    "model": "project.Play",
    "pk": 5,
    "fields": {
      "game": 1,
      "down": "3",
      "distance": "9",
      "field_half": "OWN",
      "yard_line": "44",
      "quarter": "1",
      "time": "0:34",
      "gain": "0",
      "complete": "False",
      "outcome": "PA",
      "passer": 1,
      "receiver": 5,
      "vid_url": "//streamable.com/e/32cpt/vzmgll",
      "accurate": "True",
      "air_yards": 0,
      "note": " ",
      "route": "Fade",
      "play": " ",
      "speed": "14.01",
      "position": "WR"
    }
  },
  {
    "model": "project.Play",
    "pk": 6,
    "fields": {
      "game": 1,
      "down": "2",
      "distance": "6",
      "field_half": "OWN",
      "yard_line": "19",
      "quarter": "2",
      "time": "11:10",
      "gain": "8",
      "complete": "True",
      "outcome": "PA",
      "passer": 1,
      "receiver": 5,
      "vid_url": "//streamable.com/e/vgumr/ijltdb",
      "accurate": "True",
      "air_yards": 6,
      "note": " ",
      "route": "Out",
      "play": " ",
      "speed": "7.61",
      "position": "TE"
    }
  },
  {
    "model": "project.Play",
    "pk": 7,
    "fields": {
      "game": 1,
      "down": "1",
      "distance": "10",
      "field_half": "OPP",
      "yard_line": "42",
      "quarter": "2",
      "time": "10:28",
      "gain": "0",
      "complete": "False",
      "outcome": "PA",
      "passer": 1,
      "receiver": 5,
      "vid_url": "//streamable.com/e/1yexf/rzzjdk",
      "accurate": "True",
      "air_yards": 0,
      "note": " ",
      "route": "Fade",
      "play": " ",
      "speed": "12.47",
      "position": "ST"
    }
  },
  {
    "model": "project.Play",
    "pk": 8,
    "fields": {
      "game": 1,
      "down": "1",
      "distance": "10",
      "field_half": "OPP",
      "yard_line": "31",
      "quarter": "2",
      "time": "8:22",
      "gain": "31",
      "complete": "True",
      "outcome": "TD",
      "passer": 1,
      "receiver": 7,
      "vid_url": "//streamable.com/e/2mzcj/plvjbc",
      "vid_url_alt": "//streamable.com/e/q3ozo/cosrow",
      "accurate": "True",
      "air_yards": 31,
      "note": " ",
      "route": "Fade",
      "play": " ",
      "speed": "17.46",
      "position": "WR"
    }
  },
  {
    "model": "project.Play",
    "pk": 9,
    "fields": {
      "game": 1,
      "down": "2",
      "distance": "6",
      "field_half": "OWN",
      "yard_line": "41",
      "quarter": "2",
      "time": "1:31",
      "gain": "11",
      "complete": "True",
      "outcome": "PA",
      "passer": 1,
      "receiver": 2,
      "vid_url": "//streamable.com/e/ytvfn/gszbsg",
      "accurate": "True",
      "air_yards": -2,
      "note": " ",
      "route": "Screen",
      "play": " ",
      "speed": "14.23",
      "position": "RB"
    }
  },
  {
    "model": "project.Play",
    "pk": 10,
    "fields": {
      "game": 1,
      "down": "2",
      "distance": "5",
      "field_half": "OPP",
      "yard_line": "43",
      "quarter": "2",
      "time": "0:41",
      "gain": "0",
      "complete": "False",
      "outcome": "PA",
      "passer": 1,
      "receiver": 7,
      "vid_url": "//streamable.com/e/yfk4m/nhvxsp",
      "accurate": "False",
      "air_yards": 0,
      "note": " ",
      "route": "Post",
      "play": " ",
      "speed": "16.43",
      "position": "ST"
    }
  },
  {
    "model": "project.Play",
    "pk": 11,
    "fields": {
      "game": 1,
      "down": "3",
      "distance": "5",
      "field_half": "OPP",
      "yard_line": "43",
      "quarter": "2",
      "time": "0:34",
      "gain": "0",
      "complete": "False",
      "outcome": "PA",
      "passer": 1,
      "receiver": 10,
      "vid_url": "//streamable.com/e/3y23g/psonoi",
      "accurate": "False",
      "air_yards": 0,
      "note": " ",
      "route": "Fade",
      "play": " ",
      "speed": "15.32",
      "position": "WR"
    }
  },
  {
    "model": "project.Play",
    "pk": 12,
    "fields": {
      "game": 1,
      "down": "2",
      "distance": "4",
      "field_half": "OWN",
      "yard_line": "41",
      "quarter": "3",
      "time": "12:48",
      "gain": "11",
      "complete": "True",
      "outcome": "PA",
      "passer": 1,
      "receiver": 8,
      "vid_url": "https://gfycat.com/ifr/SevereZealousEyas",
      "accurate": "True",
      "air_yards": 6,
      "note": " ",
      "route": "Slant",
      "play": " ",
      "speed": "11.43",
      "position": "ST"
    }
  },
  {
    "model": "project.Play",
    "pk": 13,
    "fields": {
      "game": 1,
      "down": "1",
      "distance": "10",
      "field_half": "OPP",
      "yard_line": "18",
      "quarter": "3",
      "time": "11:52",
      "gain": "0",
      "complete": "False",
      "outcome": "PA",
      "passer": 1,
      "receiver": 5,
      "vid_url": "https://gfycat.com/ifr/SevereZealousEyas",
      "accurate": "True",
      "air_yards": 0,
      "note": " ",
      "route": "Corner",
      "play": " ",
      "speed": "14.98",
      "position": "ST"
    }
  },
  {
    "model": "project.Play",
    "pk": 14,
    "fields": {
      "game": 1,
      "down": "3",
      "distance": "6",
      "field_half": "OPP",
      "yard_line": "14",
      "quarter": "3",
      "time": "11:13",
      "gain": "0",
      "complete": "False",
      "outcome": "PA",
      "passer": 1,
      "receiver": 9,
      "vid_url": "https://gfycat.com/ifr/SevereZealousEyas",
      "accurate": "True",
      "air_yards": 0,
      "note": " ",
      "route": "Screen",
      "play": " ",
      "speed": "0.58",
      "position": "ST"
    }
  },
  {
    "model": "project.Play",
    "pk": 15,
    "fields": {
      "game": 1,
      "down": "2",
      "distance": "9",
      "field_half": "OWN",
      "yard_line": "36",
      "quarter": "3",
      "time": "8:43",
      "gain": "6",
      "complete": "True",
      "outcome": "PA",
      "passer": 1,
      "receiver": 8,
      "vid_url": "https://gfycat.com/ifr/SevereZealousEyas",
      "accurate": "True",
      "air_yards": 4,
      "note": " ",
      "route": "Screen",
      "play": " ",
      "speed": "7.86",
      "position": "TE"
    }
  },
  {
    "model": "project.Play",
    "pk": 16,
    "fields": {
      "game": 1,
      "down": "2",
      "distance": "22",
      "field_half": "OWN",
      "yard_line": "40",
      "quarter": "3",
      "time": "0:15",
      "gain": "0",
      "complete": "False",
      "outcome": "PA",
      "passer": 1,
      "receiver": 7,
      "vid_url": "https://gfycat.com/ifr/SevereZealousEyas",
      "accurate": "False",
      "air_yards": 0,
      "note": " ",
      "route": "Comeback",
      "play": " ",
      "speed": "7.48",
      "position": "ST"
    }
  },
  {
    "model": "project.Play",
    "pk": 17,
    "fields": {
      "game": 1,
      "down": "3",
      "distance": "22",
      "field_half": "OWN",
      "yard_line": "40",
      "quarter": "3",
      "time": "0:01",
      "gain": "-3",
      "complete": "False",
      "outcome": "SK",
      "passer": 1,
      "receiver": 7,
      "vid_url": "https://gfycat.com/ifr/SevereZealousEyas",
      "accurate": "False",
      "air_yards": 0,
      "note": " ",
      "route": " ",
      "play": " ",
      "speed": "0.00",
      "position": ""
    }
  },
  {
    "model": "project.Play",
    "pk": 18,
    "fields": {
      "game": 1,
      "down": "1",
      "distance": "10",
      "field_half": "OWN",
      "yard_line": "30",
      "quarter": "4",
      "time": "12:56",
      "gain": "6",
      "complete": "True",
      "outcome": "PA",
      "passer": 1,
      "receiver": 8,
      "vid_url": "https://gfycat.com/ifr/SevereZealousEyas",
      "accurate": "True",
      "air_yards": 6,
      "note": " ",
      "route": "Hitch",
      "play": " ",
      "speed": "9.41",
      "position": "TE"
    }
  },
  {
    "model": "project.Play",
    "pk": 38,
    "fields": {
      "game": 1,
      "down": "3",
      "distance": "8",
      "field_half": "OPP",
      "yard_line": "37",
      "quarter": "4",
      "time": "10:22",
      "gain": "12",
      "complete": "True",
      "outcome": "PA",
      "passer": 1,
      "receiver": 3,
      "vid_url": "https://gfycat.com/ifr/SevereZealousEyas",
      "accurate": "True",
      "air_yards": 0,
      "note": " ",
      "route": "Post",
      "play": " ",
      "speed": "13.60",
      "position": "WR"
    }
  },
  {
    "model": "project.Play",
    "pk": 39,
    "fields": {
      "game": 1,
      "down": "3",
      "distance": "9",
      "field_half": "OPP",
      "yard_line": "9",
      "quarter": "4",
      "time": "5:44",
      "gain": "0",
      "complete": "False",
      "outcome": "INT",
      "passer": 1,
      "receiver": 3,
      "vid_url": "https://gfycat.com/ifr/SevereZealousEyas",
      "accurate": "False",
      "air_yards": 0,
      "note": " ",
      "route": "Post",
      "play": " ",
      "speed": "14.81",
      "position": "ST"
    }
  },
  {
    "model": "project.Play",
    "pk": 40,
    "fields": {
      "game": 1,
      "down": "1",
      "distance": "10",
      "field_half": "OPP",
      "yard_line": "49",
      "quarter": "4",
      "time": "2:33",
      "gain": "7",
      "complete": "True",
      "outcome": "PA",
      "passer": 1,
      "receiver": 2,
      "vid_url": "https://gfycat.com/ifr/SevereZealousEyas",
      "accurate": "True",
      "air_yards": 2,
      "note": " ",
      "route": "Screen",
      "play": " ",
      "speed": "14.71",
      "position": "RB"
    }
  },
  {
    "model": "project.Play",
    "pk": 20,
    "fields": {
      "game": 1,
      "down": "2",
      "distance": "3",
      "field_half": "OPP",
      "yard_line": "42",
      "quarter": "4",
      "time": "1:54",
      "gain": "42",
      "complete": "True",
      "outcome": "TD",
      "passer": 1,
      "receiver": 7,
      "vid_url": "https://gfycat.com/ifr/SevereZealousEyas",
      "accurate": "True",
      "air_yards": 36,
      "note": " ",
      "route": "Fade",
      "play": " ",
      "speed": "21.38",
      "position": "WR"
    }
  },
  {
    "model": "project.Play",
    "pk": 23,
    "fields": {
      "game": 2,
      "down": "2",
      "distance": "5",
      "field_half": "OPP",
      "yard_line": "46",
      "quarter": "1",
      "time": "13:43",
      "gain": "0",
      "complete": "False",
      "outcome": "PA",
      "passer": 1,
      "receiver": 7,
      "vid_url": "//streamable.com/s/jylmq/mfiljd",
      "accurate": "True",
      "air_yards": 0,
      "note": "",
      "route": "Comeback",
      "play": " ",
      "speed": "14.72",
      "position": "WR"
    }
  },
  {
    "model": "project.Play",
    "pk": 24,
    "fields": {
      "game": 2,
      "down": "3",
      "distance": "4",
      "field_half": "OPP",
      "yard_line": "18",
      "quarter": "1",
      "time": "11:45",
      "gain": "12",
      "complete": "True",
      "outcome": "PA",
      "passer": 1,
      "receiver": 5,
      "vid_url": "//streamable.com/s/7srda/rqxojx",
      "accurate": "True",
      "air_yards": 0,
      "note": "Bad footwork: QB should keep plant leg on the ground when throwing",
      "route": "Seam",
      "play": " ",
      "speed": "12.45",
      "position": "ST"

    }
  },
  {
    "model": "project.Play",
    "pk": 25,
    "fields": {
      "game": 2,
      "down": "1",
      "distance": "10",
      "field_half": "OWN",
      "yard_line": "45",
      "quarter": "1",
      "time": "07:45",
      "gain": "-5",
      "complete": "True",
      "outcome": "PA",
      "passer": 1,
      "receiver": 4,
      "vid_url": "//streamable.com/s/zsflc/ykikhf",
      "accurate": "True",
      "air_yards": -5,
      "note": " ",
      "route": "Screen",
      "play": " ",
      "speed": "3.12",
      "position": "ST"

    }
  },
  {
    "model": "project.Play",
    "pk": 26,
    "fields": {
      "game": 2,
      "down": "2",
      "distance": "15",
      "field_half": "OWN",
      "yard_line": "40",
      "quarter": "1",
      "time": "07:30",
      "gain": "6",
      "complete": "True",
      "outcome": "PA",
      "passer": 1,
      "receiver": 5,
      "vid_url": "//streamable.com/s/mcfyh/ajmkbe",
      "accurate": "True",
      "air_yards": 4,
      "note": " ",
      "route": "Out",
      "play": " ",
      "speed": "7.56",
      "position": "TE"
    }
  },
    {
    "model": "project.Play",
    "pk": 27,
    "fields": {
      "game": 2,
      "down": "3",
      "distance": "9",
      "field_half": "OWN",
      "yard_line": "46",
      "quarter": "1",
      "time": "06:48",
      "gain": "0",
      "complete": "False",
      "outcome": "INT",
      "passer": 1,
      "receiver": 7,
      "vid_url": "//streamable.com/s/w2edv/rydzox",
      "accurate": "True",
      "air_yards": 0,
      "note": " ",
      "route": "Seam",
      "play": " ",
      "speed": "8.94",
      "position": "WR"
    }
  },
  {
    "model": "project.Play",
    "pk": 28,
    "fields": {
      "game": 2,
      "down": "1",
      "distance": "10",
      "field_half": "OPP",
      "yard_line": "42",
      "quarter": "1",
      "time": "01:20",
      "gain": "42",
      "complete": "True",
      "outcome": "TD",
      "passer": 1,
      "receiver": 8,
      "vid_url": "//streamable.com/s/km309/uqwmn",
      "accurate": "True",
      "air_yards": 31,
      "note": " ",
      "route": "Post",
      "play": " ",
      "speed": "14.75",
      "position": "TE"
    }
  },
  {
    "model": "project.Play",
    "pk": 29,
    "fields": {
      "game": 2,
      "down": "2",
      "distance": "7",
      "field_half": "OWN",
      "yard_line": "42",
      "quarter": "2",
      "time": "11:35",
      "gain": "8",
      "complete": "True",
      "outcome": "PA",
      "passer": 1,
      "receiver": 8,
      "vid_url": "//streamable.com/s/gitc4/xihoni",
      "accurate": "True",
      "air_yards": 7,
      "note": " ",
      "route": "Out",
      "play": " ",
      "speed": "7.44",
      "position": "TE"
    }
  },
  {
    "model": "project.Play",
    "pk": 30,
    "fields": {
      "game": 1,
      "down": "10",
      "distance": "9",
      "field_half": "OWN",
      "yard_line": "50",
      "quarter": "2",
      "time": "11:01",
      "gain": "0",
      "complete": "False",
      "outcome": "PA",
      "passer": 1,
      "receiver": 5,
      "vid_url": "//streamable.com/s/htweu/hhjorq",
      "accurate": "True",
      "air_yards": 0,
      "note": " ",
      "route": "Fade",
      "play": " ",
      "speed": "16.48",
      "position": "WR"
    }
  },
  {
    "model": "project.Play",
    "pk": 31,
    "fields": {
      "game": 2,
      "down": "3",
      "distance": "8",
      "field_half": "OPP",
      "yard_line": "48",
      "quarter": "2",
      "time": "10:15",
      "gain": "0",
      "complete": "False",
      "outcome": "PA",
      "passer": 1,
      "receiver": 5,
      "vid_url": "//streamable.com/s/k1rh8/aiibxl",
      "accurate": "False",
      "air_yards": 0,
      "note": " ",
      "route": "Fade",
      "play": " ",
      "speed": "13.40",
      "position": "ST"
    }
  },
  {
    "model": "project.Play",
    "pk": 32,
    "fields": {
      "game": 2,
      "down": "1",
      "distance": "10",
      "field_half": "OPP",
      "yard_line": "43",
      "quarter": "2",
      "time": "04:45",
      "gain": "38",
      "complete": "True",
      "outcome": "PA",
      "passer": 1,
      "receiver": 2,
      "vid_url": "//streamable.com/s/vuc4f/vqanc",
      "accurate": "True",
      "air_yards": 12,
      "note": " ",
      "route": "Seam",
      "play": " ",
      "speed": "16.40",
      "position": "RB"
    }
  },
  {
    "model": "project.Play",
    "pk": 33,
    "fields": {
      "game": 2,
      "down": "3",
      "distance": "7",
      "field_half": "OPP",
      "yard_line": "7",
      "quarter": "3",
      "time": "12:57",
      "gain": "0",
      "complete": "False",
      "outcome": "PA",
      "passer": 1,
      "receiver": 7,
      "vid_url": "//streamable.com/s/42use/svjpor",
      "accurate": "True",
      "air_yards": 0,
      "note": " ",
      "route": "Corner",
      "play": " ",
      "speed": "9.32",
      "position": "WR"
    }
  },
  {
    "model": "project.Play",
    "pk": 34,
    "fields": {
      "game": 2,
      "down": "3",
      "distance": "1",
      "field_half": "OWN",
      "yard_line": "28",
      "quarter": "3",
      "time": "09:05",
      "gain": "4",
      "complete": "True",
      "outcome": "PA",
      "passer": 1,
      "receiver": 9,
      "vid_url": "//streamable.com/s/qvhgl/euwy",
      "accurate": "True",
      "air_yards": 4,
      "note": " ",
      "route": "Hitch",
      "play": " ",
      "speed": "04.27",
      "position": "ST"
    }
  },
   {
    "model": "project.Play",
    "pk": 35,
    "fields": {
      "game": 2,
      "down": "2",
      "distance": "6",
      "field_half": "OWN",
      "yard_line": "36",
      "quarter": "3",
      "time": "08:20",
      "gain": "9",
      "complete": "True",
      "outcome": "PA",
      "passer": 1,
      "receiver": 7,
      "vid_url": "//streamable.com/s/5slon/eiyifu",
      "accurate": "True",
      "air_yards": 9,
      "note": " ",
      "route": "Comeback",
      "play": " ",
      "speed": "9.64",
      "position": "WR"
    }
  },
   {
    "model": "project.Play",
    "pk": 36,
    "fields": {
      "game": 2,
      "down": "2",
      "distance": "4",
      "field_half": "OPP",
      "yard_line": "49",
      "quarter": "3",
      "time": "06:42",
      "gain": "49",
      "complete": "True",
      "outcome": "TD",
      "passer": 1,
      "receiver": 7,
      "vid_url": "//streamable.com/s/er7gj/dcgdbe",
      "accurate": "True",
      "air_yards": 35,
      "note": " ",
      "route": "Fade",
      "play": " ",
      "speed": "13.27",
      "position": "WR"
    }
  },
     {
    "model": "project.Play",
    "pk": 37,
    "fields": {
      "game": 2,
      "down": "3",
      "distance": "8",
      "field_half": "OWN",
      "yard_line": "38",
      "quarter": "4",
      "time": "10:00",
      "gain": "0",
      "complete": "False",
      "outcome": "PA",
      "passer": 1,
      "receiver": 7,
      "vid_url": "//streamable.com/s/ifkn9/jmsrqc",
      "accurate": "True",
      "air_yards": 0,
      "note": " ",
      "route": "Fade",
      "play": " ",
      "speed": "15.97",
      "position": "WR"
    }
  },
  {
    "model": "project.Play",
    "pk": 41,
    "fields": {
      "game": 3,
      "down": "2",
      "distance": "11",
      "field_half": "OWN",
      "yard_line": "23",
      "quarter": "1",
      "time": "14:15",
      "gain": "9",
      "complete": "True",
      "outcome": "PA",
      "passer": 1,
      "receiver": 8,
      "vid_url": " ",
      "accurate": "True",
      "air_yards": 0,
      "note": " ",
      "route": " ",
      "play": " ",
      "speed": null,
      "position": " "
    }
  },
    {
    "model": "project.Play",
    "pk": 42,
    "fields": {
      "game": 3,
      "down": "2",
      "distance": "10",
      "field_half": "OWN",
      "yard_line": "39",
      "quarter": "1",
      "time": "12:30",
      "gain": "12",
      "complete": "True",
      "outcome": "PA",
      "passer": 1,
      "receiver": 11,
      "vid_url": " ",
      "accurate": "True",
      "air_yards": 0,
      "note": " ",
      "route": " ",
      "play": " ",
      "speed": null,
      "position": " "
    }
  },
      {
    "model": "project.Play",
    "pk": 43,
    "fields": {
      "game": 3,
      "down": "1",
      "distance": "10",
      "field_half": "OPP",
      "yard_line": "49",
      "quarter": "1",
      "time": "11:55",
      "gain": "13",
      "complete": "True",
      "outcome": "PA",
      "passer": 1,
      "receiver": 2,
      "vid_url": " ",
      "accurate": "True",
      "air_yards": 0,
      "note": " ",
      "route": " ",
      "play": " ",
      "speed": null,
      "position": " "
    }
  },
      {
    "model": "project.Play",
    "pk": 44,
    "fields": {
      "game": 3,
      "down": "1",
      "distance": "10",
      "field_half": "OPP",
      "yard_line": "24",
      "quarter": "1",
      "time": "10:05",
      "gain": "1",
      "complete": "True",
      "outcome": "PA",
      "passer": 1,
      "receiver": 2,
      "vid_url": " ",
      "accurate": "True",
      "air_yards": 0,
      "note": " ",
      "route": " ",
      "play": " ",
      "speed": null,
      "position": " "
    }
  },
      {
    "model": "project.Play",
    "pk": 45,
    "fields": {
      "game": 3,
      "down": "3",
      "distance": "8",
      "field_half": "OPP",
      "yard_line": "12",
      "quarter": "1",
      "time": "08:37",
      "gain": "0",
      "complete": "False",
      "outcome": "PA",
      "passer": 1,
      "receiver": 2,
      "vid_url": " ",
      "accurate": "True",
      "air_yards": 0,
      "note": " ",
      "route": " ",
      "play": " ",
      "speed": null,
      "position": " "
    }
  },
      {
    "model": "project.Play",
    "pk": 46,
    "fields": {
      "game": 3,
      "down": "2",
      "distance": "12",
      "field_half": "OWN",
      "yard_line": "36",
      "quarter": "1",
      "time": "06:00",
      "gain": "-2",
      "complete": "True",
      "outcome": "PA",
      "passer": 1,
      "receiver": 2,
      "vid_url": " ",
      "accurate": "True",
      "air_yards": 0,
      "note": " ",
      "route": " ",
      "play": " ",
      "speed": null,
      "position": " "
    }
  },
      {
    "model": "project.Play",
    "pk": 47,
    "fields": {
      "game": 3,
      "down": "1",
      "distance": "10",
      "field_half": "OWN",
      "yard_line": "43",
      "quarter": "2",
      "time": "13:00",
      "gain": "0",
      "complete": "False",
      "outcome": "PA",
      "passer": 1,
      "receiver": 11,
      "vid_url": " ",
      "accurate": "True",
      "air_yards": 0,
      "note": " ",
      "route": " ",
      "play": " ",
      "speed": null,
      "position": " "
    }
  },
      {
    "model": "project.Play",
    "pk": 48,
    "fields": {
      "game": 3,
      "down": "3",
      "distance": "7",
      "field_half": "OWN",
      "yard_line": "46",
      "quarter": "2",
      "time": "12:15",
      "gain": "10",
      "complete": "True",
      "outcome": "PA",
      "passer": 1,
      "receiver": 11,
      "vid_url": " ",
      "accurate": "True",
      "air_yards": 0,
      "note": " ",
      "route": " ",
      "play": " ",
      "speed": null,
      "position": " "
    }
  },
        {
    "model": "project.Play",
    "pk": 48,
    "fields": {
      "game": 3,
      "down": "1",
      "distance": "10",
      "field_half": "OWN",
      "yard_line": "32",
      "quarter": "2",
      "time": "06:00",
      "gain": "6",
      "complete": "True",
      "outcome": "PA",
      "passer": 1,
      "receiver": 8,
      "vid_url": " ",
      "accurate": "True",
      "air_yards": 0,
      "note": " ",
      "route": " ",
      "play": " ",
      "speed": null,
      "position": " "
    }
  },
        {
    "model": "project.Play",
    "pk": 49,
    "fields": {
      "game": 3,
      "down": "1",
      "distance": "10",
      "field_half": "OWN",
      "yard_line": "31",
      "quarter": "2",
      "time": "02:25",
      "gain": "5",
      "complete": "True",
      "outcome": "PA",
      "passer": 1,
      "receiver": 11,
      "vid_url": " ",
      "accurate": "True",
      "air_yards": 0,
      "note": " ",
      "route": " ",
      "play": " ",
      "speed": null,
      "position": " "
    }
  },
        {
    "model": "project.Play",
    "pk": 50,
    "fields": {
      "game": 3,
      "down": "3",
      "distance": "5",
      "field_half": "OWN",
      "yard_line": "36",
      "quarter": "2",
      "time": "01:38",
      "gain": "0",
      "complete": "False",
      "outcome": "PA",
      "passer": 1,
      "receiver": 9,
      "vid_url": " ",
      "accurate": "True",
      "air_yards": 0,
      "note": " ",
      "route": " ",
      "play": " ",
      "speed": null,
      "position": " "
    }
  },
        {
    "model": "project.Play",
    "pk": 51,
    "fields": {
      "game": 3,
      "down": "2",
      "distance": "5",
      "field_half": "OPP",
      "yard_line": "37",
      "quarter": "3",
      "time": "12:41",
      "gain": "0",
      "complete": "True",
      "outcome": "PA",
      "passer": 1,
      "receiver": 8,
      "vid_url": " ",
      "accurate": "True",
      "air_yards": 0,
      "note": " ",
      "route": " ",
      "play": " ",
      "speed": null,
      "position": " "
    }
  },
        {
    "model": "project.Play",
    "pk": 52,
    "fields": {
      "game": 3,
      "down": "3",
      "distance": "5",
      "field_half": "OPP",
      "yard_line": "37",
      "quarter": "3",
      "time": "12:36",
      "gain": "10",
      "complete": "False",
      "outcome": "PA",
      "passer": 1,
      "receiver": 11,
      "vid_url": " ",
      "accurate": "True",
      "air_yards": 0,
      "note": " ",
      "route": " ",
      "play": " ",
      "speed": null,
      "position": " "
    }
  },
   {
    "model": "project.Play",
    "pk": 53,
    "fields": {
      "game": 3,
      "down": "1",
      "distance": "10",
      "field_half": "OWN",
      "yard_line": "30",
      "quarter": "3",
      "time": "09:35",
      "gain": "7",
      "complete": "True",
      "outcome": "PA",
      "passer": 1,
      "receiver": 9,
      "vid_url": " ",
      "accurate": "True",
      "air_yards": 0,
      "note": " ",
      "route": " ",
      "play": " ",
      "speed": null,
      "position": " "
    }
  },
     {
    "model": "project.Play",
    "pk": 54,
    "fields": {
      "game": 3,
      "down": "2",
      "distance": "14",
      "field_half": "OWN",
      "yard_line": "37",
      "quarter": "3",
      "time": "08:02",
      "gain": "0",
      "complete": "False",
      "outcome": "PA",
      "passer": 1,
      "receiver": 7,
      "vid_url": " ",
      "accurate": "True",
      "air_yards": 0,
      "note": " ",
      "route": " ",
      "play": " ",
      "speed": null,
      "position": " "
    }
  },
       {
    "model": "project.Play",
    "pk": 55,
    "fields": {
      "game": 3,
      "down": "3",
      "distance": "14",
      "field_half": "OWN",
      "yard_line": "37",
      "quarter": "3",
      "time": "07:55",
      "gain": "0",
      "complete": "False",
      "outcome": "PA",
      "passer": 1,
      "receiver": 9,
      "vid_url": " ",
      "accurate": "True",
      "air_yards": 0,
      "note": " ",
      "route": " ",
      "play": " ",
      "speed": null,
      "position": " "
    }
  },
       {
    "model": "project.Play",
    "pk": 56,
    "fields": {
      "game": 3,
      "down": "1",
      "distance": "10",
      "field_half": "OWN",
      "yard_line": "25",
      "quarter": "4",
      "time": "12:15",
      "gain": "13",
      "complete": "True",
      "outcome": "PA",
      "passer": 1,
      "receiver": 5,
      "vid_url": " ",
      "accurate": "True",
      "air_yards": 0,
      "note": " ",
      "route": " ",
      "play": " ",
      "speed": null,
      "position": " "
    }
  },
    {
    "model": "project.Play",
    "pk": 57,
    "fields": {
      "game": 3,
      "down": "1",
      "distance": "10",
      "field_half": "OWN",
      "yard_line": "38",
      "quarter": "4",
      "time": "11:45",
      "gain": "0",
      "complete": "False",
      "outcome": "PA",
      "passer": 1,
      "receiver": 7,
      "vid_url": " ",
      "accurate": "True",
      "air_yards": 0,
      "note": " ",
      "route": " ",
      "play": " ",
      "speed": null,
      "position": " "
    }
  },
    {
    "model": "project.Play",
    "pk": 58,
    "fields": {
      "game": 3,
      "down": "2",
      "distance": "10",
      "field_half": "OWN",
      "yard_line": "25",
      "quarter": "4",
      "time": "11:30",
      "gain": "9",
      "complete": "True",
      "outcome": "PA",
      "passer": 1,
      "receiver": 2,
      "vid_url": " ",
      "accurate": "True",
      "air_yards": 0,
      "note": " ",
      "route": " ",
      "play": " ",
      "speed": null,
      "position": " "
    }
  },
    {
    "model": "project.Play",
    "pk": 59,
    "fields": {
      "game": 3,
      "down": "1",
      "distance": "10",
      "field_half": "OWN",
      "yard_line": "50",
      "quarter": "4",
      "time": "10:30",
      "gain": "0",
      "complete": "False",
      "outcome": "PA",
      "passer": 1,
      "receiver": 12,
      "vid_url": " ",
      "accurate": "True",
      "air_yards": 0,
      "note": " ",
      "route": " ",
      "play": " ",
      "speed": null,
      "position": " "
    }
  },
     {
    "model": "project.Play",
    "pk": 60,
    "fields": {
      "game": 3,
      "down": "3",
      "distance": "5",
      "field_half": "OPP",
      "yard_line": "36",
      "quarter": "4",
      "time": "08:46",
      "gain": "0",
      "complete": "False",
      "outcome": "PA",
      "passer": 1,
      "receiver": 1,
      "vid_url": " ",
      "accurate": "False",
      "air_yards": 0,
      "note": " ",
      "route": " ",
      "play": " ",
      "speed": null,
      "position": " "
    }
  },
   {
    "model": "project.Play",
    "pk": 61,
    "fields": {
      "game": 3,
      "down": "4",
      "distance": "5",
      "field_half": "OPP",
      "yard_line": "36",
      "quarter": "4",
      "time": "08:40",
      "gain": "10",
      "complete": "True",
      "outcome": "PA",
      "passer": 1,
      "receiver": 7,
      "vid_url": " ",
      "accurate": "False",
      "air_yards": 0,
      "note": " ",
      "route": " ",
      "play": " ",
      "speed": null,
      "position": " "
    }
  },
   {
    "model": "project.Play",
    "pk": 62,
    "fields": {
      "game": 3,
      "down": "1",
      "distance": "10",
      "field_half": "OPP",
      "yard_line": "26",
      "quarter": "4",
      "time": "08:13",
      "gain": "0",
      "complete": "False",
      "outcome": "PA",
      "passer": 1,
      "receiver": 13,
      "vid_url": " ",
      "accurate": "False",
      "air_yards": 0,
      "note": " ",
      "route": " ",
      "play": " ",
      "speed": null,
      "position": " "
    }
  },
  {
    "model": "project.Play",
    "pk": 62,
    "fields": {
      "game": 3,
      "down": "2",
      "distance": "10",
      "field_half": "OPP",
      "yard_line": "26",
      "quarter": "4",
      "time": "08:07",
      "gain": "0",
      "complete": "False",
      "outcome": "PA",
      "passer": 1,
      "receiver": 7,
      "vid_url": " ",
      "accurate": "True",
      "air_yards": 0,
      "note": " ",
      "route": " ",
      "play": " ",
      "speed": null,
      "position": " "
    }
  },
  {
    "model": "project.Play",
    "pk": 63,
    "fields": {
      "game": 3,
      "down": "3",
      "distance": "10",
      "field_half": "OPP",
      "yard_line": "26",
      "quarter": "4",
      "time": "08:00",
      "gain": "6",
      "complete": "True",
      "outcome": "PA",
      "passer": 1,
      "receiver": 12,
      "vid_url": " ",
      "accurate": "False",
      "air_yards": 0,
      "note": " ",
      "route": " ",
      "play": " ",
      "speed": null,
      "position": " "
    }
  },
  {
    "model": "project.Play",
    "pk": 64,
    "fields": {
      "game": 3,
      "down": "1",
      "distance": "10",
      "field_half": "OWN",
      "yard_line": "28",
      "quarter": "4",
      "time": "03:30",
      "gain": "4",
      "complete": "True",
      "outcome": "PA",
      "passer": 1,
      "receiver": 5,
      "vid_url": " ",
      "accurate": "False",
      "air_yards": 0,
      "note": " ",
      "route": " ",
      "play": " ",
      "speed": null,
      "position": " "
    }
  },
  {
    "model": "project.Play",
    "pk": 65,
    "fields": {
      "game": 3,
      "down": "2",
      "distance": "6",
      "field_half": "OPP",
      "yard_line": "26",
      "quarter": "4",
      "time": "03:10",
      "gain": "11",
      "complete": "True",
      "outcome": "PA",
      "passer": 1,
      "receiver": 5,
      "vid_url": " ",
      "accurate": "True",
      "air_yards": 0,
      "note": " ",
      "route": " ",
      "play": " ",
      "speed": null,
      "position": " "
    }
  },
  {
    "model": "project.Play",
    "pk": 66,
    "fields": {
      "game": 3,
      "down": "1",
      "distance": "10",
      "field_half": "OWN",
      "yard_line": "43",
      "quarter": "4",
      "time": "02:40",
      "gain": "2",
      "complete": "True",
      "outcome": "PA",
      "passer": 1,
      "receiver": 2,
      "vid_url": " ",
      "accurate": "True",
      "air_yards": 0,
      "note": " ",
      "route": " ",
      "play": " ",
      "speed": null,
      "position": " "
    }
  },
  {
    "model": "project.Play",
    "pk": 67,
    "fields": {
      "game": 3,
      "down": "2",
      "distance": "8",
      "field_half": "OWN",
      "yard_line": "45",
      "quarter": "4",
      "time": "02:27",
      "gain": "0",
      "complete": "False",
      "outcome": "SK",
      "passer": 1,
      "receiver": 1,
      "vid_url": " ",
      "accurate": "False",
      "air_yards": 0,
      "note": " ",
      "route": " ",
      "play": " ",
      "speed": null,
      "position": " "
    }
  },
  {
    "model": "project.Play",
    "pk": 68,
    "fields": {
      "game": 3,
      "down": "3",
      "distance": "10",
      "field_half": "OWN",
      "yard_line": "43",
      "quarter": "4",
      "time": "02:16",
      "gain": "7",
      "complete": "True",
      "outcome": "PA",
      "passer": 1,
      "receiver": 9,
      "vid_url": " ",
      "accurate": "True",
      "air_yards": 0,
      "note": " ",
      "route": " ",
      "play": " ",
      "speed": null,
      "position": " "
    }
  },
  {
    "model": "project.Play",
    "pk": 69,
    "fields": {
      "game": 3,
      "down": "4",
      "distance": "3",
      "field_half": "OWN",
      "yard_line": "50",
      "quarter": "4",
      "time": "02:09",
      "gain": "16",
      "complete": "True",
      "outcome": "PA",
      "passer": 1,
      "receiver": 9,
      "vid_url": " ",
      "accurate": "True",
      "air_yards": 0,
      "note": " ",
      "route": " ",
      "play": " ",
      "speed": null,
      "position": " "
    }
  },
  {
    "model": "project.Play",
    "pk": 70,
    "fields": {
      "game": 3,
      "down": "1",
      "distance": "10",
      "field_half": "OPP",
      "yard_line": "34",
      "quarter": "4",
      "time": "01:55",
      "gain": "11",
      "complete": "True",
      "outcome": "PA",
      "passer": 1,
      "receiver": 5,
      "vid_url": " ",
      "accurate": "True",
      "air_yards": 0,
      "note": " ",
      "route": " ",
      "play": " ",
      "speed": null,
      "position": " "
    }
  },
  {
    "model": "project.Play",
    "pk": 71,
    "fields": {
      "game": 3,
      "down": "1",
      "distance": "10",
      "field_half": "OPP",
      "yard_line": "10",
      "quarter": "4",
      "time": "01:20",
      "gain": "5",
      "complete": "True",
      "outcome": "PA",
      "passer": 1,
      "receiver": 9,
      "vid_url": " ",
      "accurate": "True",
      "air_yards": 0,
      "note": " ",
      "route": " ",
      "play": " ",
      "speed": null,
      "position": " "
    }
  },
  {
    "model": "project.Play",
    "pk": 72,
    "fields": {
      "game": 3,
      "down": "2",
      "distance": "5",
      "field_half": "OPP",
      "yard_line": "5",
      "quarter": "4",
      "time": "01:05",
      "gain": "0",
      "complete": "False",
      "outcome": "PA",
      "passer": 1,
      "receiver": 1,
      "vid_url": " ",
      "accurate": "False",
      "air_yards": 0,
      "note": " ",
      "route": " ",
      "play": " ",
      "speed": null,
      "position": " "
    }
  },
  {
    "model": "project.Play",
    "pk": 62,
    "fields": {
      "game": 3,
      "down": "3",
      "distance": "5",
      "field_half": "OPP",
      "yard_line": "5",
      "quarter": "4",
      "time": "00:57",
      "gain": "0",
      "complete": "False",
      "outcome": "INT",
      "passer": 1,
      "receiver": 1,
      "vid_url": " ",
      "accurate": "False",
      "air_yards": 0,
      "note": " ",
      "route": " ",
      "play": " ",
      "speed": null,
      "position": " "
    }
  },

  {
    "model": "project.Player",
    "pk": 1,
    "fields": {
      "first_name": "Kevin",
      "second_name": "Hogan",
      "jersey_no": "8",
      "imageUrl": "https://www.daddyleagues.com/img/nfl/madden17/8054.png",
      "team": 1,
      "feet": 6,
      "inches": 3,
      "pounds": 218
    }
  },

  {
    "model": "project.Player",
    "pk": 2,
    "fields": {
      "first_name": "Christian",
      "second_name": "McCaffrey",
      "jersey_no": "5",
      "imageUrl": "project/img/2557997.jpg",
      "team": 1
    }
  },
  {
    "model": "project.Player",
    "pk": 3,
    "fields": {
      "first_name": "Trenton",
      "second_name": "Irwin",
      "jersey_no": "80",
      "imageUrl": "project/img/irwin.jpg",
      "team": 1
    }
  },
  {
    "model": "project.Player",
    "pk": 4,
    "fields": {
      "first_name": "Bryce",
      "second_name": "Love",
      "jersey_no": "12",
      "imageUrl": "project/img/love.jpg",
      "team": 1
    }
  },
  {
    "model": "project.Player",
    "pk": 5,
    "fields": {
      "first_name": "Devon",
      "second_name": "Cajuste",
      "jersey_no": "45",
      "imageUrl": "project/img/cajuste.jpg",
      "team": 1
    }
  },
  {
    "model": "project.Player",
    "pk": 6,
    "fields": {
      "first_name": "Barry",
      "second_name": "Sanders",
      "jersey_no": "21",
      "imageUrl": "project/img/sanders.jpg",
      "team": 1
    }
  },
  {
    "model": "project.Player",
    "pk": 7,
    "fields": {
      "first_name": "Michael",
      "second_name": "Rector",
      "jersey_no": "4",
      "imageUrl": "project/img/rector.jpg",
      "team": 1
    }
  },
  {
    "model": "project.Player",
    "pk": 8,
    "fields": {
      "first_name": "Austin",
      "second_name": "Hooper",
      "jersey_no": "14",
      "imageUrl": "project/img/hooper.png",
      "team": 1
    }
  },
  {
    "model": "project.Player",
    "pk": 9,
    "fields": {
      "first_name": "Francis",
      "second_name": "Owusu",
      "jersey_no": "33",
      "imageUrl": "project/img/owusu.jpg",
      "team": 1
    }
  },
  {
    "model": "project.Player",
    "pk": 10,
    "fields": {
      "first_name": "Isaiah",
      "second_name": "Brandt-Sims",
      "jersey_no": "89",
      "imageUrl": "project/img/brandt-sims.jpg",
      "team": 1
    }
  },
      {
    "model": "project.Player",
    "pk": 11,
    "fields": {
      "first_name": "Rollins",
      "second_name": "Stallworth",
      "jersey_no": "89",
      "imageUrl": "project/img/brandt-sims.jpg",
      "team": 1
    }
  },
      {
    "model": "project.Player",
    "pk": 12,
    "fields": {
      "first_name": "Greg",
      "second_name": "Taboada",
      "jersey_no": "41",
      "imageUrl": "project/img/brandt-sims.jpg",
      "team": 1
    }
  }
]